 , , , , , , , , , , , , , , , ,<,a, ,i,d,=,"""",c,t,l,0,0,_,M,a,i,n,C,o,n,t,e,n,t,_,O,b,j,e,c,t,L,i,s,t,_,c,t,l,0,0,_,T,i,t,l,e,"""", ,o,n,m,o,u,s,e,d,o,w,n,=,"""",t,r,y,{,r,e,t,u,r,n, ,s,i,(,7,",",&,#,3,9,;,c,t,l,0,0,_,M,a,i,n,C,o,n,t,e,n,t,_,O,b,j,e,c,t,L,i,s,t,&,#,3,9,;,",",&,#,3,9,;,1,&,#,3,9,;,),;,},c,a,t,c,h,(,e,x,),{,;,},"""", ,h,r,e,f,=,"""",P,u,b,l,i,c,a,t,i,o,n,/,1,4,2,0,0,3,4,/,s,c,a,l,i,n,g,-,s,t,e,p,-,w,i,s,e,-,r,e,f,i,n,e,m,e,n,t,"""",>,S,c,a,l,i,n,g, ,S,t,e,p,-,W,i,s,e, ,R,e,f,i,n,e,m,e,n,t,<,/,a,>,"","
"
 , , , , , , , , , , , , , , , ,<,a, ,i,d,=,"""",c,t,l,0,0,_,M,a,i,n,C,o,n,t,e,n,t,_,O,b,j,e,c,t,L,i,s,t,_,c,t,l,0,1,_,T,i,t,l,e,"""", ,o,n,m,o,u,s,e,d,o,w,n,=,"""",t,r,y,{,r,e,t,u,r,n, ,s,i,(,7,",",&,#,3,9,;,c,t,l,0,0,_,M,a,i,n,C,o,n,t,e,n,t,_,O,b,j,e,c,t,L,i,s,t,&,#,3,9,;,",",&,#,3,9,;,2,&,#,3,9,;,),;,},c,a,t,c,h,(,e,x,),{,;,},"""", ,h,r,e,f,=,"""",P,u,b,l,i,c,a,t,i,o,n,/,8,5,6,9,5,5,/,a,-,d,e,d,u,c,t,i,v,e,-,a,p,p,r,o,a,c,h,-,t,o,-,p,r,o,g,r,a,m,-,s,y,n,t,h,e,s,i,s,"""",>,A, ,D,e,d,u,c,t,i,v,e, ,A,p,p,r,o,a,c,h, ,t,o, ,P,r,o,g,r,a,m, ,S,y,n,t,h,e,s,i,s,<,/,a,>,"","
"
 , , , , , , , , , , , , , , , ,<,a, ,i,d,=,"""",c,t,l,0,0,_,M,a,i,n,C,o,n,t,e,n,t,_,O,b,j,e,c,t,L,i,s,t,_,c,t,l,0,2,_,T,i,t,l,e,"""", ,o,n,m,o,u,s,e,d,o,w,n,=,"""",t,r,y,{,r,e,t,u,r,n, ,s,i,(,7,",",&,#,3,9,;,c,t,l,0,0,_,M,a,i,n,C,o,n,t,e,n,t,_,O,b,j,e,c,t,L,i,s,t,&,#,3,9,;,",",&,#,3,9,;,3,&,#,3,9,;,),;,},c,a,t,c,h,(,e,x,),{,;,},"""", ,h,r,e,f,=,"""",P,u,b,l,i,c,a,t,i,o,n,/,1,3,8,1,8,7,4,/,t,h,e,-,g,e,n,e,r,i,c,-,m,o,d,e,l,i,n,g,-,e,n,v,i,r,o,n,m,e,n,t,"""",>,T,h,e, ,G,e,n,e,r,i,c, ,M,o,d,e,l,i,n,g, ,E,n,v,i,r,o,n,m,e,n,t,<,/,a,>,"","
"
 , , , , , , , , , , , , , , , ,<,a, ,i,d,=,"""",c,t,l,0,0,_,M,a,i,n,C,o,n,t,e,n,t,_,O,b,j,e,c,t,L,i,s,t,_,c,t,l,0,3,_,T,i,t,l,e,"""", ,o,n,m,o,u,s,e,d,o,w,n,=,"""",t,r,y,{,r,e,t,u,r,n, ,s,i,(,7,",",&,#,3,9,;,c,t,l,0,0,_,M,a,i,n,C,o,n,t,e,n,t,_,O,b,j,e,c,t,L,i,s,t,&,#,3,9,;,",",&,#,3,9,;,4,&,#,3,9,;,),;,},c,a,t,c,h,(,e,x,),{,;,},"""", ,h,r,e,f,=,"""",P,u,b,l,i,c,a,t,i,o,n,/,7,6,7,5,6,3,/,c,o,n,s,t,r,u,c,t,i,n,g,-,p,r,o,g,r,a,m,s,-,f,r,o,m,-,e,x,a,m,p,l,e,-,c,o,m,p,u,t,a,t,i,o,n,s,"""",>,C,o,n,s,t,r,u,c,t,i,n,g, ,P,r,o,g,r,a,m,s, ,f,r,o,m, ,E,x,a,m,p,l,e, ,C,o,m,p,u,t,a,t,i,o,n,s,<,/,a,>,"","
"
 , , , , , , , , , , , , , , , ,<,a, ,i,d,=,"""",c,t,l,0,0,_,M,a,i,n,C,o,n,t,e,n,t,_,O,b,j,e,c,t,L,i,s,t,_,c,t,l,0,4,_,T,i,t,l,e,"""", ,o,n,m,o,u,s,e,d,o,w,n,=,"""",t,r,y,{,r,e,t,u,r,n, ,s,i,(,7,",",&,#,3,9,;,c,t,l,0,0,_,M,a,i,n,C,o,n,t,e,n,t,_,O,b,j,e,c,t,L,i,s,t,&,#,3,9,;,",",&,#,3,9,;,5,&,#,3,9,;,),;,},c,a,t,c,h,(,e,x,),{,;,},"""", ,h,r,e,f,=,"""",P,u,b,l,i,c,a,t,i,o,n,/,7,8,8,1,5,3,/,a,-,m,e,t,h,o,d,o,l,o,g,y,-,f,o,r,-,l,i,s,p,-,p,r,o,g,r,a,m,-,c,o,n,s,t,r,u,c,t,i,o,n,-,f,r,o,m,-,e,x,a,m,p,l,e,s,"""",>,A, ,M,e,t,h,o,d,o,l,o,g,y, ,f,o,r, ,L,I,S,P, ,P,r,o,g,r,a,m, ,C,o,n,s,t,r,u,c,t,i,o,n, ,f,r,o,m, ,E,x,a,m,p,l,e,s,<,/,a,>,"","
"
 , , , , , , , , , , , , , , , ,<,a, ,i,d,=,"""",c,t,l,0,0,_,M,a,i,n,C,o,n,t,e,n,t,_,O,b,j,e,c,t,L,i,s,t,_,c,t,l,0,5,_,T,i,t,l,e,"""", ,o,n,m,o,u,s,e,d,o,w,n,=,"""",t,r,y,{,r,e,t,u,r,n, ,s,i,(,7,",",&,#,3,9,;,c,t,l,0,0,_,M,a,i,n,C,o,n,t,e,n,t,_,O,b,j,e,c,t,L,i,s,t,&,#,3,9,;,",",&,#,3,9,;,6,&,#,3,9,;,),;,},c,a,t,c,h,(,e,x,),{,;,},"""", ,h,r,e,f,=,"""",P,u,b,l,i,c,a,t,i,o,n,/,7,3,6,0,6,1,/,e,x,p,e,r,i,m,e,n,t,s,-,w,i,t,h,-,p,r,o,o,f,-,p,l,a,n,s,-,f,o,r,-,i,n,d,u,c,t,i,o,n,"""",>,E,x,p,e,r,i,m,e,n,t,s, ,w,i,t,h, ,P,r,o,o,f, ,P,l,a,n,s, ,f,o,r, ,I,n,d,u,c,t,i,o,n,<,/,a,>,"","
"
 , , , , , , , , , , , , , , , ,<,a, ,i,d,=,"""",c,t,l,0,0,_,M,a,i,n,C,o,n,t,e,n,t,_,O,b,j,e,c,t,L,i,s,t,_,c,t,l,0,6,_,T,i,t,l,e,"""", ,o,n,m,o,u,s,e,d,o,w,n,=,"""",t,r,y,{,r,e,t,u,r,n, ,s,i,(,7,",",&,#,3,9,;,c,t,l,0,0,_,M,a,i,n,C,o,n,t,e,n,t,_,O,b,j,e,c,t,L,i,s,t,&,#,3,9,;,",",&,#,3,9,;,7,&,#,3,9,;,),;,},c,a,t,c,h,(,e,x,),{,;,},"""", ,h,r,e,f,=,"""",P,u,b,l,i,c,a,t,i,o,n,/,3,7,3,4,5,1,/,f,u,n,d,a,m,e,n,t,a,l,s,-,o,f,-,d,e,d,u,c,t,i,v,e,-,p,r,o,g,r,a,m,-,s,y,n,t,h,e,s,i,s,"""",>,F,u,n,d,a,m,e,n,t,a,l,s, ,o,f, ,D,e,d,u,c,t,i,v,e, ,P,r,o,g,r,a,m, ,S,y,n,t,h,e,s,i,s,<,/,a,>,"","
"
 , , , , , , , , , , , , , , , ,<,a, ,i,d,=,"""",c,t,l,0,0,_,M,a,i,n,C,o,n,t,e,n,t,_,O,b,j,e,c,t,L,i,s,t,_,c,t,l,0,7,_,T,i,t,l,e,"""", ,o,n,m,o,u,s,e,d,o,w,n,=,"""",t,r,y,{,r,e,t,u,r,n, ,s,i,(,7,",",&,#,3,9,;,c,t,l,0,0,_,M,a,i,n,C,o,n,t,e,n,t,_,O,b,j,e,c,t,L,i,s,t,&,#,3,9,;,",",&,#,3,9,;,8,&,#,3,9,;,),;,},c,a,t,c,h,(,e,x,),{,;,},"""", ,h,r,e,f,=,"""",P,u,b,l,i,c,a,t,i,o,n,/,1,8,1,2,8,3,1,/,j,u,n,g,l,o,i,d,-,m,i,n,i,n,g,-,h,e,l,p,i,n,g,-,t,o,-,n,a,v,i,g,a,t,e,-,t,h,e,-,a,p,i,-,j,u,n,g,l,e,"""",>,J,u,n,g,l,o,i,d, ,m,i,n,i,n,g,&,#,5,8,;, ,h,e,l,p,i,n,g, ,t,o, ,n,a,v,i,g,a,t,e, ,t,h,e, ,A,P,I, ,j,u,n,g,l,e,<,/,a,>,"","
"
 , , , , , , , , , , , , , , , ,<,a, ,i,d,=,"""",c,t,l,0,0,_,M,a,i,n,C,o,n,t,e,n,t,_,O,b,j,e,c,t,L,i,s,t,_,c,t,l,0,8,_,T,i,t,l,e,"""", ,o,n,m,o,u,s,e,d,o,w,n,=,"""",t,r,y,{,r,e,t,u,r,n, ,s,i,(,7,",",&,#,3,9,;,c,t,l,0,0,_,M,a,i,n,C,o,n,t,e,n,t,_,O,b,j,e,c,t,L,i,s,t,&,#,3,9,;,",",&,#,3,9,;,9,&,#,3,9,;,),;,},c,a,t,c,h,(,e,x,),{,;,},"""", ,h,r,e,f,=,"""",P,u,b,l,i,c,a,t,i,o,n,/,5,6,6,5,8,1,/,a,-,m,e,t,h,o,d,o,l,o,g,y,-,f,o,r,-,l,i,s,p,-,p,r,o,g,r,a,m,-,c,o,n,s,t,r,u,c,t,i,o,n,-,f,r,o,m,-,e,x,a,m,p,l,e,s,"""",>,A, ,m,e,t,h,o,d,o,l,o,g,y, ,f,o,r, ,L,I,S,P, ,p,r,o,g,r,a,m, ,c,o,n,s,t,r,u,c,t,i,o,n, ,f,r,o,m, ,e,x,a,m,p,l,e,s,<,/,a,>,"","
"
 , , , , , , , , , , , , , , , ,<,a, ,i,d,=,"""",c,t,l,0,0,_,M,a,i,n,C,o,n,t,e,n,t,_,O,b,j,e,c,t,L,i,s,t,_,c,t,l,0,9,_,T,i,t,l,e,"""", ,o,n,m,o,u,s,e,d,o,w,n,=,"""",t,r,y,{,r,e,t,u,r,n, ,s,i,(,7,",",&,#,3,9,;,c,t,l,0,0,_,M,a,i,n,C,o,n,t,e,n,t,_,O,b,j,e,c,t,L,i,s,t,&,#,3,9,;,",",&,#,3,9,;,1,0,&,#,3,9,;,),;,},c,a,t,c,h,(,e,x,),{,;,},"""", ,h,r,e,f,=,"""",P,u,b,l,i,c,a,t,i,o,n,/,5,0,9,0,0,3,/,m,e,t,a,m,o,d,e,l,i,n,g,-,r,a,p,i,d,-,d,e,s,i,g,n,-,a,n,d,-,e,v,o,l,u,t,i,o,n,-,o,f,-,d,o,m,a,i,n,-,s,p,e,c,i,f,i,c,-,m,o,d,e,l,i,n,g,-,e,n,v,i,r,o,n,m,e,n,t,s,"""",>,M,e,t,a,m,o,d,e,l,i,n,g, ,-, ,R,a,p,i,d, ,D,e,s,i,g,n, ,a,n,d, ,E,v,o,l,u,t,i,o,n, ,o,f, ,D,o,m,a,i,n,-,S,p,e,c,i,f,i,c, ,M,o,d,e,l,i,n,g, ,E,n,v,i,r,o,n,m,e,n,t,s,<,/,a,>,"","
"
 , , , , , , , , , , , , , , , ,<,a, ,i,d,=,"""",c,t,l,0,0,_,M,a,i,n,C,o,n,t,e,n,t,_,O,b,j,e,c,t,L,i,s,t,_,c,t,l,0,0,_,T,i,t,l,e,"""", ,o,n,m,o,u,s,e,d,o,w,n,=,"""",t,r,y,{,r,e,t,u,r,n, ,s,i,(,7,",",&,#,3,9,;,c,t,l,0,0,_,M,a,i,n,C,o,n,t,e,n,t,_,O,b,j,e,c,t,L,i,s,t,&,#,3,9,;,",",&,#,3,9,;,1,&,#,3,9,;,),;,},c,a,t,c,h,(,e,x,),{,;,},"""", ,h,r,e,f,=,"""",P,u,b,l,i,c,a,t,i,o,n,/,7,6,6,6,0,2,/,r,e,s,e,a,r,c,h,-,o,n,-,k,n,o,w,l,e,d,g,e,-,b,a,s,e,d,-,s,o,f,t,w,a,r,e,-,e,n,v,i,r,o,n,m,e,n,t,s,-,a,t,-,k,e,s,t,r,e,l,-,i,n,s,t,i,t,u,t,e,"""",>,R,e,s,e,a,r,c,h, ,o,n, ,K,n,o,w,l,e,d,g,e,-,B,a,s,e,d, ,S,o,f,t,w,a,r,e, ,E,n,v,i,r,o,n,m,e,n,t,s, ,a,t, ,K,e,s,t,r,e,l, ,I,n,s,t,i,t,u,t,e,<,/,a,>,"","
"
 , , , , , , , , , , , , , , , ,<,a, ,i,d,=,"""",c,t,l,0,0,_,M,a,i,n,C,o,n,t,e,n,t,_,O,b,j,e,c,t,L,i,s,t,_,c,t,l,0,1,_,T,i,t,l,e,"""", ,o,n,m,o,u,s,e,d,o,w,n,=,"""",t,r,y,{,r,e,t,u,r,n, ,s,i,(,7,",",&,#,3,9,;,c,t,l,0,0,_,M,a,i,n,C,o,n,t,e,n,t,_,O,b,j,e,c,t,L,i,s,t,&,#,3,9,;,",",&,#,3,9,;,2,&,#,3,9,;,),;,},c,a,t,c,h,(,e,x,),{,;,},"""", ,h,r,e,f,=,"""",P,u,b,l,i,c,a,t,i,o,n,/,7,5,1,7,5,0,/,a,-,d,e,d,u,c,t,i,v,e,-,s,o,l,u,t,i,o,n,-,f,o,r,-,p,l,a,n,-,g,e,n,e,r,a,t,i,o,n,"""",>,A, ,D,e,d,u,c,t,i,v,e, ,S,o,l,u,t,i,o,n, ,f,o,r, ,P,l,a,n, ,G,e,n,e,r,a,t,i,o,n,<,/,a,>,"","
"
 , , , , , , , , , , , , , , , ,<,a, ,i,d,=,"""",c,t,l,0,0,_,M,a,i,n,C,o,n,t,e,n,t,_,O,b,j,e,c,t,L,i,s,t,_,c,t,l,0,2,_,T,i,t,l,e,"""", ,o,n,m,o,u,s,e,d,o,w,n,=,"""",t,r,y,{,r,e,t,u,r,n, ,s,i,(,7,",",&,#,3,9,;,c,t,l,0,0,_,M,a,i,n,C,o,n,t,e,n,t,_,O,b,j,e,c,t,L,i,s,t,&,#,3,9,;,",",&,#,3,9,;,3,&,#,3,9,;,),;,},c,a,t,c,h,(,e,x,),{,;,},"""", ,h,r,e,f,=,"""",P,u,b,l,i,c,a,t,i,o,n,/,7,8,6,7,8,8,/,d,e,r,i,v,a,t,i,o,n,-,o,f,-,l,o,g,i,c,-,p,r,o,g,r,a,m,s,"""",>,D,e,r,i,v,a,t,i,o,n, ,o,f, ,L,o,g,i,c, ,P,r,o,g,r,a,m,s,<,/,a,>,"","
"
 , , , , , , , , , , , , , , , ,<,a, ,i,d,=,"""",c,t,l,0,0,_,M,a,i,n,C,o,n,t,e,n,t,_,O,b,j,e,c,t,L,i,s,t,_,c,t,l,0,3,_,T,i,t,l,e,"""", ,o,n,m,o,u,s,e,d,o,w,n,=,"""",t,r,y,{,r,e,t,u,r,n, ,s,i,(,7,",",&,#,3,9,;,c,t,l,0,0,_,M,a,i,n,C,o,n,t,e,n,t,_,O,b,j,e,c,t,L,i,s,t,&,#,3,9,;,",",&,#,3,9,;,4,&,#,3,9,;,),;,},c,a,t,c,h,(,e,x,),{,;,},"""", ,h,r,e,f,=,"""",P,u,b,l,i,c,a,t,i,o,n,/,3,9,7,3,1,5,/,s,y,n,t,h,e,s,i,s,-,w,i,t,h,-,i,n,c,o,m,p,l,e,t,e,-,i,n,f,o,r,m,a,t,i,o,n,"""",>,S,y,n,t,h,e,s,i,s, ,w,i,t,h, ,I,n,c,o,m,p,l,e,t,e, ,I,n,f,o,r,m,a,t,i,o,n,<,/,a,>,"","
"
 , , , , , , , , , , , , , , , ,<,a, ,i,d,=,"""",c,t,l,0,0,_,M,a,i,n,C,o,n,t,e,n,t,_,O,b,j,e,c,t,L,i,s,t,_,c,t,l,0,4,_,T,i,t,l,e,"""", ,o,n,m,o,u,s,e,d,o,w,n,=,"""",t,r,y,{,r,e,t,u,r,n, ,s,i,(,7,",",&,#,3,9,;,c,t,l,0,0,_,M,a,i,n,C,o,n,t,e,n,t,_,O,b,j,e,c,t,L,i,s,t,&,#,3,9,;,",",&,#,3,9,;,5,&,#,3,9,;,),;,},c,a,t,c,h,(,e,x,),{,;,},"""", ,h,r,e,f,=,"""",P,u,b,l,i,c,a,t,i,o,n,/,5,6,6,2,1,7,/,e,d,i,t,i,n,g,-,b,y,-,e,x,a,m,p,l,e,"""",>,E,d,i,t,i,n,g, ,b,y, ,e,x,a,m,p,l,e,<,/,a,>,"","
"
 , , , , , , , , , , , , , , , ,<,a, ,i,d,=,"""",c,t,l,0,0,_,M,a,i,n,C,o,n,t,e,n,t,_,O,b,j,e,c,t,L,i,s,t,_,c,t,l,0,5,_,T,i,t,l,e,"""", ,o,n,m,o,u,s,e,d,o,w,n,=,"""",t,r,y,{,r,e,t,u,r,n, ,s,i,(,7,",",&,#,3,9,;,c,t,l,0,0,_,M,a,i,n,C,o,n,t,e,n,t,_,O,b,j,e,c,t,L,i,s,t,&,#,3,9,;,",",&,#,3,9,;,6,&,#,3,9,;,),;,},c,a,t,c,h,(,e,x,),{,;,},"""", ,h,r,e,f,=,"""",P,u,b,l,i,c,a,t,i,o,n,/,2,5,6,1,1,6,/,g,u,i,d,e,d,-,s,y,n,t,h,e,s,i,s,-,o,f,-,c,o,n,t,r,o,l,-,p,r,o,g,r,a,m,s,-,u,s,i,n,g,-,u,p,p,a,a,l,"""",>,G,u,i,d,e,d, ,S,y,n,t,h,e,s,i,s, ,o,f, ,C,o,n,t,r,o,l, ,P,r,o,g,r,a,m,s, ,U,s,i,n,g, ,U,P,P,A,A,L,<,/,a,>,"","
"
 , , , , , , , , , , , , , , , ,<,a, ,i,d,=,"""",c,t,l,0,0,_,M,a,i,n,C,o,n,t,e,n,t,_,O,b,j,e,c,t,L,i,s,t,_,c,t,l,0,6,_,T,i,t,l,e,"""", ,o,n,m,o,u,s,e,d,o,w,n,=,"""",t,r,y,{,r,e,t,u,r,n, ,s,i,(,7,",",&,#,3,9,;,c,t,l,0,0,_,M,a,i,n,C,o,n,t,e,n,t,_,O,b,j,e,c,t,L,i,s,t,&,#,3,9,;,",",&,#,3,9,;,7,&,#,3,9,;,),;,},c,a,t,c,h,(,e,x,),{,;,},"""", ,h,r,e,f,=,"""",P,u,b,l,i,c,a,t,i,o,n,/,4,6,8,5,6,2,/,a,n,-,a,p,p,r,o,a,c,h,-,t,o,-,s,y,m,b,o,l,i,c,-,t,e,s,t,-,g,e,n,e,r,a,t,i,o,n,"""",>,A,n, ,A,p,p,r,o,a,c,h, ,t,o, ,S,y,m,b,o,l,i,c, ,T,e,s,t, ,G,e,n,e,r,a,t,i,o,n,<,/,a,>,"","
"
 , , , , , , , , , , , , , , , ,<,a, ,i,d,=,"""",c,t,l,0,0,_,M,a,i,n,C,o,n,t,e,n,t,_,O,b,j,e,c,t,L,i,s,t,_,c,t,l,0,7,_,T,i,t,l,e,"""", ,o,n,m,o,u,s,e,d,o,w,n,=,"""",t,r,y,{,r,e,t,u,r,n, ,s,i,(,7,",",&,#,3,9,;,c,t,l,0,0,_,M,a,i,n,C,o,n,t,e,n,t,_,O,b,j,e,c,t,L,i,s,t,&,#,3,9,;,",",&,#,3,9,;,8,&,#,3,9,;,),;,},c,a,t,c,h,(,e,x,),{,;,},"""", ,h,r,e,f,=,"""",P,u,b,l,i,c,a,t,i,o,n,/,7,6,6,0,9,2,/,s,y,n,t,h,e,s,i,s,-,d,r,e,a,m,s,-,p,r,o,g,r,a,m,s,"""",>,S,y,n,t,h,e,s,i,s,&,#,5,8,;, ,D,r,e,a,m,s, ,-, ,P,r,o,g,r,a,m,s,<,/,a,>,"","
"
 , , , , , , , , , , , , , , , ,<,a, ,i,d,=,"""",c,t,l,0,0,_,M,a,i,n,C,o,n,t,e,n,t,_,O,b,j,e,c,t,L,i,s,t,_,c,t,l,0,8,_,T,i,t,l,e,"""", ,o,n,m,o,u,s,e,d,o,w,n,=,"""",t,r,y,{,r,e,t,u,r,n, ,s,i,(,7,",",&,#,3,9,;,c,t,l,0,0,_,M,a,i,n,C,o,n,t,e,n,t,_,O,b,j,e,c,t,L,i,s,t,&,#,3,9,;,",",&,#,3,9,;,9,&,#,3,9,;,),;,},c,a,t,c,h,(,e,x,),{,;,},"""", ,h,r,e,f,=,"""",P,u,b,l,i,c,a,t,i,o,n,/,6,5,6,5,3,4,/,m,u,l,t,i,g,r,a,p,h,-,a,n,-,a,r,c,h,i,t,e,c,t,u,r,e,-,f,o,r,-,m,o,d,e,l,-,i,n,t,e,g,r,a,t,e,d,-,c,o,m,p,u,t,i,n,g,"""",>,M,U,L,T,I,G,R,A,P,H,&,#,5,8,;, ,a,n, ,a,r,c,h,i,t,e,c,t,u,r,e, ,f,o,r, ,m,o,d,e,l,-,i,n,t,e,g,r,a,t,e,d, ,c,o,m,p,u,t,i,n,g,<,/,a,>,"","
"
 , , , , , , , , , , , , , , , ,<,a, ,i,d,=,"""",c,t,l,0,0,_,M,a,i,n,C,o,n,t,e,n,t,_,O,b,j,e,c,t,L,i,s,t,_,c,t,l,0,9,_,T,i,t,l,e,"""", ,o,n,m,o,u,s,e,d,o,w,n,=,"""",t,r,y,{,r,e,t,u,r,n, ,s,i,(,7,",",&,#,3,9,;,c,t,l,0,0,_,M,a,i,n,C,o,n,t,e,n,t,_,O,b,j,e,c,t,L,i,s,t,&,#,3,9,;,",",&,#,3,9,;,1,0,&,#,3,9,;,),;,},c,a,t,c,h,(,e,x,),{,;,},"""", ,h,r,e,f,=,"""",P,u,b,l,i,c,a,t,i,o,n,/,1,9,8,2,5,0,/,i,n,f,e,r,r,i,n,g,-,a,r,g,u,m,e,n,t,-,s,i,z,e,-,r,e,l,a,t,i,o,n,s,h,i,p,s,-,w,i,t,h,-,c,l,p,-,r,"""",>,I,n,f,e,r,r,i,n,g, ,A,r,g,u,m,e,n,t, ,S,i,z,e, ,R,e,l,a,t,i,o,n,s,h,i,p,s, ,w,i,t,h, ,C,L,P,&,#,4,0,;,R,&,#,4,1,;,<,/,a,>,"","
"
 , , , , , , , , , , , , , , , ,<,a, ,i,d,=,"""",c,t,l,0,0,_,M,a,i,n,C,o,n,t,e,n,t,_,O,b,j,e,c,t,L,i,s,t,_,c,t,l,0,0,_,T,i,t,l,e,"""", ,o,n,m,o,u,s,e,d,o,w,n,=,"""",t,r,y,{,r,e,t,u,r,n, ,s,i,(,7,",",&,#,3,9,;,c,t,l,0,0,_,M,a,i,n,C,o,n,t,e,n,t,_,O,b,j,e,c,t,L,i,s,t,&,#,3,9,;,",",&,#,3,9,;,1,&,#,3,9,;,),;,},c,a,t,c,h,(,e,x,),{,;,},"""", ,h,r,e,f,=,"""",P,u,b,l,i,c,a,t,i,o,n,/,5,5,4,9,7,8,/,a,-,f,o,r,m,a,l,-,a,p,p,r,o,a,c,h,-,t,o,-,d,o,m,a,i,n,-,o,r,i,e,n,t,e,d,-,s,o,f,t,w,a,r,e,-,d,e,s,i,g,n,-,e,n,v,i,r,o,n,m,e,n,t,s,"""",>,A, ,F,o,r,m,a,l, ,A,p,p,r,o,a,c,h, ,t,o, ,D,o,m,a,i,n,-,O,r,i,e,n,t,e,d, ,S,o,f,t,w,a,r,e, ,D,e,s,i,g,n, ,E,n,v,i,r,o,n,m,e,n,t,s,<,/,a,>,"","
"
 , , , , , , , , , , , , , , , ,<,a, ,i,d,=,"""",c,t,l,0,0,_,M,a,i,n,C,o,n,t,e,n,t,_,O,b,j,e,c,t,L,i,s,t,_,c,t,l,0,1,_,T,i,t,l,e,"""", ,o,n,m,o,u,s,e,d,o,w,n,=,"""",t,r,y,{,r,e,t,u,r,n, ,s,i,(,7,",",&,#,3,9,;,c,t,l,0,0,_,M,a,i,n,C,o,n,t,e,n,t,_,O,b,j,e,c,t,L,i,s,t,&,#,3,9,;,",",&,#,3,9,;,2,&,#,3,9,;,),;,},c,a,t,c,h,(,e,x,),{,;,},"""", ,h,r,e,f,=,"""",P,u,b,l,i,c,a,t,i,o,n,/,7,4,4,5,4,0,/,a,u,t,o,b,a,y,e,s,-,a,-,s,y,s,t,e,m,-,f,o,r,-,g,e,n,e,r,a,t,i,n,g,-,d,a,t,a,-,a,n,a,l,y,s,i,s,-,p,r,o,g,r,a,m,s,-,f,r,o,m,-,s,t,a,t,i,s,t,i,c,a,l,-,m,o,d,e,l,s,"""",>,A,u,t,o,B,a,y,e,s,&,#,5,8,;, ,a, ,s,y,s,t,e,m, ,f,o,r, ,g,e,n,e,r,a,t,i,n,g, ,d,a,t,a, ,a,n,a,l,y,s,i,s, ,p,r,o,g,r,a,m,s, ,f,r,o,m, ,s,t,a,t,i,s,t,i,c,a,l, ,m,o,d,e,l,s,<,/,a,>,"","
"
 , , , , , , , , , , , , , , , ,<,a, ,i,d,=,"""",c,t,l,0,0,_,M,a,i,n,C,o,n,t,e,n,t,_,O,b,j,e,c,t,L,i,s,t,_,c,t,l,0,2,_,T,i,t,l,e,"""", ,o,n,m,o,u,s,e,d,o,w,n,=,"""",t,r,y,{,r,e,t,u,r,n, ,s,i,(,7,",",&,#,3,9,;,c,t,l,0,0,_,M,a,i,n,C,o,n,t,e,n,t,_,O,b,j,e,c,t,L,i,s,t,&,#,3,9,;,",",&,#,3,9,;,3,&,#,3,9,;,),;,},c,a,t,c,h,(,e,x,),{,;,},"""", ,h,r,e,f,=,"""",P,u,b,l,i,c,a,t,i,o,n,/,6,1,4,1,4,1,/,u,n,d,e,r,s,t,a,n,d,i,n,g,-,a,n,d,-,a,u,t,o,m,a,t,i,n,g,-,a,l,g,o,r,i,t,h,m,-,d,e,s,i,g,n,"""",>,U,n,d,e,r,s,t,a,n,d,i,n,g, ,a,n,d, ,A,u,t,o,m,a,t,i,n,g, ,A,l,g,o,r,i,t,h,m, ,D,e,s,i,g,n,<,/,a,>,"","
"
 , , , , , , , , , , , , , , , ,<,a, ,i,d,=,"""",c,t,l,0,0,_,M,a,i,n,C,o,n,t,e,n,t,_,O,b,j,e,c,t,L,i,s,t,_,c,t,l,0,3,_,T,i,t,l,e,"""", ,o,n,m,o,u,s,e,d,o,w,n,=,"""",t,r,y,{,r,e,t,u,r,n, ,s,i,(,7,",",&,#,3,9,;,c,t,l,0,0,_,M,a,i,n,C,o,n,t,e,n,t,_,O,b,j,e,c,t,L,i,s,t,&,#,3,9,;,",",&,#,3,9,;,4,&,#,3,9,;,),;,},c,a,t,c,h,(,e,x,),{,;,},"""", ,h,r,e,f,=,"""",P,u,b,l,i,c,a,t,i,o,n,/,8,5,6,9,4,8,/,e,d,i,t,i,n,g,-,b,y,-,e,x,a,m,p,l,e,"""",>,E,d,i,t,i,n,g, ,b,y, ,e,x,a,m,p,l,e,<,/,a,>,"","
"
 , , , , , , , , , , , , , , , ,<,a, ,i,d,=,"""",c,t,l,0,0,_,M,a,i,n,C,o,n,t,e,n,t,_,O,b,j,e,c,t,L,i,s,t,_,c,t,l,0,4,_,T,i,t,l,e,"""", ,o,n,m,o,u,s,e,d,o,w,n,=,"""",t,r,y,{,r,e,t,u,r,n, ,s,i,(,7,",",&,#,3,9,;,c,t,l,0,0,_,M,a,i,n,C,o,n,t,e,n,t,_,O,b,j,e,c,t,L,i,s,t,&,#,3,9,;,",",&,#,3,9,;,5,&,#,3,9,;,),;,},c,a,t,c,h,(,e,x,),{,;,},"""", ,h,r,e,f,=,"""",P,u,b,l,i,c,a,t,i,o,n,/,5,6,6,7,3,5,/,p,r,o,g,r,a,m,-,i,m,p,r,o,v,e,m,e,n,t,-,b,y,-,i,n,t,e,r,n,a,l,-,s,p,e,c,i,a,l,i,z,a,t,i,o,n,"""",>,P,r,o,g,r,a,m, ,i,m,p,r,o,v,e,m,e,n,t, ,b,y, ,i,n,t,e,r,n,a,l, ,s,p,e,c,i,a,l,i,z,a,t,i,o,n,<,/,a,>,"","
"
 , , , , , , , , , , , , , , , ,<,a, ,i,d,=,"""",c,t,l,0,0,_,M,a,i,n,C,o,n,t,e,n,t,_,O,b,j,e,c,t,L,i,s,t,_,c,t,l,0,5,_,T,i,t,l,e,"""", ,o,n,m,o,u,s,e,d,o,w,n,=,"""",t,r,y,{,r,e,t,u,r,n, ,s,i,(,7,",",&,#,3,9,;,c,t,l,0,0,_,M,a,i,n,C,o,n,t,e,n,t,_,O,b,j,e,c,t,L,i,s,t,&,#,3,9,;,",",&,#,3,9,;,6,&,#,3,9,;,),;,},c,a,t,c,h,(,e,x,),{,;,},"""", ,h,r,e,f,=,"""",P,u,b,l,i,c,a,t,i,o,n,/,1,4,2,2,6,0,0,/,m,i,c,r,o,p,r,o,c,e,s,s,o,r,-,p,o,w,e,r,-,e,s,t,i,m,a,t,i,o,n,-,u,s,i,n,g,-,p,r,o,f,i,l,e,-,d,r,i,v,e,n,-,p,r,o,g,r,a,m,-,s,y,n,t,h,e,s,i,s,"""",>,M,i,c,r,o,p,r,o,c,e,s,s,o,r, ,p,o,w,e,r, ,e,s,t,i,m,a,t,i,o,n, ,u,s,i,n,g, ,p,r,o,f,i,l,e,-,d,r,i,v,e,n, ,p,r,o,g,r,a,m, ,s,y,n,t,h,e,s,i,s,<,/,a,>,"","
"
 , , , , , , , , , , , , , , , ,<,a, ,i,d,=,"""",c,t,l,0,0,_,M,a,i,n,C,o,n,t,e,n,t,_,O,b,j,e,c,t,L,i,s,t,_,c,t,l,0,6,_,T,i,t,l,e,"""", ,o,n,m,o,u,s,e,d,o,w,n,=,"""",t,r,y,{,r,e,t,u,r,n, ,s,i,(,7,",",&,#,3,9,;,c,t,l,0,0,_,M,a,i,n,C,o,n,t,e,n,t,_,O,b,j,e,c,t,L,i,s,t,&,#,3,9,;,",",&,#,3,9,;,7,&,#,3,9,;,),;,},c,a,t,c,h,(,e,x,),{,;,},"""", ,h,r,e,f,=,"""",P,u,b,l,i,c,a,t,i,o,n,/,5,6,7,2,0,/,a,-,s,u,r,v,e,y,-,o,f,-,r,e,w,r,i,t,i,n,g,-,s,t,r,a,t,e,g,i,e,s,-,i,n,-,p,r,o,g,r,a,m,-,t,r,a,n,s,f,o,r,m,a,t,i,o,n,-,s,y,s,t,e,m,s,"""",>,A, ,S,u,r,v,e,y, ,o,f, ,R,e,w,r,i,t,i,n,g, ,S,t,r,a,t,e,g,i,e,s, ,i,n, ,P,r,o,g,r,a,m, ,T,r,a,n,s,f,o,r,m,a,t,i,o,n, ,S,y,s,t,e,m,s,<,/,a,>,"","
"
 , , , , , , , , , , , , , , , ,<,a, ,i,d,=,"""",c,t,l,0,0,_,M,a,i,n,C,o,n,t,e,n,t,_,O,b,j,e,c,t,L,i,s,t,_,c,t,l,0,7,_,T,i,t,l,e,"""", ,o,n,m,o,u,s,e,d,o,w,n,=,"""",t,r,y,{,r,e,t,u,r,n, ,s,i,(,7,",",&,#,3,9,;,c,t,l,0,0,_,M,a,i,n,C,o,n,t,e,n,t,_,O,b,j,e,c,t,L,i,s,t,&,#,3,9,;,",",&,#,3,9,;,8,&,#,3,9,;,),;,},c,a,t,c,h,(,e,x,),{,;,},"""", ,h,r,e,f,=,"""",P,u,b,l,i,c,a,t,i,o,n,/,4,3,1,3,0,7,4,/,l,o,g,i,c,a,l,-,a,n,d,-,r,e,l,a,t,i,o,n,a,l,-,l,e,a,r,n,i,n,g,"""",>,L,o,g,i,c,a,l, ,a,n,d, ,R,e,l,a,t,i,o,n,a,l, ,L,e,a,r,n,i,n,g,<,/,a,>,"","
"
 , , , , , , , , , , , , , , , ,<,a, ,i,d,=,"""",c,t,l,0,0,_,M,a,i,n,C,o,n,t,e,n,t,_,O,b,j,e,c,t,L,i,s,t,_,c,t,l,0,8,_,T,i,t,l,e,"""", ,o,n,m,o,u,s,e,d,o,w,n,=,"""",t,r,y,{,r,e,t,u,r,n, ,s,i,(,7,",",&,#,3,9,;,c,t,l,0,0,_,M,a,i,n,C,o,n,t,e,n,t,_,O,b,j,e,c,t,L,i,s,t,&,#,3,9,;,",",&,#,3,9,;,9,&,#,3,9,;,),;,},c,a,t,c,h,(,e,x,),{,;,},"""", ,h,r,e,f,=,"""",P,u,b,l,i,c,a,t,i,o,n,/,2,9,6,5,5,2,/,s,y,n,t,h,e,s,i,s,-,o,f,-,f,a,u,l,t,-,t,o,l,e,r,a,n,t,-,c,o,n,c,u,r,r,e,n,t,-,p,r,o,g,r,a,m,s,"""",>,S,y,n,t,h,e,s,i,s, ,o,f, ,f,a,u,l,t,-,t,o,l,e,r,a,n,t, ,c,o,n,c,u,r,r,e,n,t, ,p,r,o,g,r,a,m,s,<,/,a,>,"","
"
 , , , , , , , , , , , , , , , ,<,a, ,i,d,=,"""",c,t,l,0,0,_,M,a,i,n,C,o,n,t,e,n,t,_,O,b,j,e,c,t,L,i,s,t,_,c,t,l,0,9,_,T,i,t,l,e,"""", ,o,n,m,o,u,s,e,d,o,w,n,=,"""",t,r,y,{,r,e,t,u,r,n, ,s,i,(,7,",",&,#,3,9,;,c,t,l,0,0,_,M,a,i,n,C,o,n,t,e,n,t,_,O,b,j,e,c,t,L,i,s,t,&,#,3,9,;,",",&,#,3,9,;,1,0,&,#,3,9,;,),;,},c,a,t,c,h,(,e,x,),{,;,},"""", ,h,r,e,f,=,"""",P,u,b,l,i,c,a,t,i,o,n,/,4,7,1,0,6,8,/,t,e,s,t,-,p,r,o,g,r,a,m,-,s,y,n,t,h,e,s,i,s,-,f,o,r,-,p,a,t,h,-,d,e,l,a,y,-,f,a,u,l,t,s,-,i,n,-,m,i,c,r,o,p,r,o,c,e,s,s,o,r,-,c,o,r,e,s,"""",>,T,e,s,t, ,p,r,o,g,r,a,m, ,s,y,n,t,h,e,s,i,s, ,f,o,r, ,p,a,t,h, ,d,e,l,a,y, ,f,a,u,l,t,s, ,i,n, ,m,i,c,r,o,p,r,o,c,e,s,s,o,r, ,c,o,r,e,s,<,/,a,>,"","
"
 , , , , , , , , , , , , , , , ,<,a, ,i,d,=,"""",c,t,l,0,0,_,M,a,i,n,C,o,n,t,e,n,t,_,O,b,j,e,c,t,L,i,s,t,_,c,t,l,0,0,_,T,i,t,l,e,"""", ,o,n,m,o,u,s,e,d,o,w,n,=,"""",t,r,y,{,r,e,t,u,r,n, ,s,i,(,7,",",&,#,3,9,;,c,t,l,0,0,_,M,a,i,n,C,o,n,t,e,n,t,_,O,b,j,e,c,t,L,i,s,t,&,#,3,9,;,",",&,#,3,9,;,1,&,#,3,9,;,),;,},c,a,t,c,h,(,e,x,),{,;,},"""", ,h,r,e,f,=,"""",P,u,b,l,i,c,a,t,i,o,n,/,7,6,6,0,9,1,/,t,h,e,-,l,o,g,i,c,-,o,f,-,c,o,m,p,u,t,e,r,-,p,r,o,g,r,a,m,m,i,n,g,"""",>,T,h,e, ,L,o,g,i,c, ,o,f, ,C,o,m,p,u,t,e,r, ,P,r,o,g,r,a,m,m,i,n,g,<,/,a,>,"","
"
 , , , , , , , , , , , , , , , ,<,a, ,i,d,=,"""",c,t,l,0,0,_,M,a,i,n,C,o,n,t,e,n,t,_,O,b,j,e,c,t,L,i,s,t,_,c,t,l,0,1,_,T,i,t,l,e,"""", ,o,n,m,o,u,s,e,d,o,w,n,=,"""",t,r,y,{,r,e,t,u,r,n, ,s,i,(,7,",",&,#,3,9,;,c,t,l,0,0,_,M,a,i,n,C,o,n,t,e,n,t,_,O,b,j,e,c,t,L,i,s,t,&,#,3,9,;,",",&,#,3,9,;,2,&,#,3,9,;,),;,},c,a,t,c,h,(,e,x,),{,;,},"""", ,h,r,e,f,=,"""",P,u,b,l,i,c,a,t,i,o,n,/,2,2,5,8,9,4,/,s,y,n,t,h,e,s,i,s,-,o,f,-,u,n,i,x,-,p,r,o,g,r,a,m,s,-,u,s,i,n,g,-,d,e,r,i,v,a,t,i,o,n,a,l,-,a,n,a,l,o,g,y,"""",>,S,y,n,t,h,e,s,i,s, ,o,f, ,U,N,I,X, ,P,r,o,g,r,a,m,s, ,U,s,i,n,g, ,D,e,r,i,v,a,t,i,o,n,a,l, ,A,n,a,l,o,g,y,<,/,a,>,"","
"
 , , , , , , , , , , , , , , , ,<,a, ,i,d,=,"""",c,t,l,0,0,_,M,a,i,n,C,o,n,t,e,n,t,_,O,b,j,e,c,t,L,i,s,t,_,c,t,l,0,2,_,T,i,t,l,e,"""", ,o,n,m,o,u,s,e,d,o,w,n,=,"""",t,r,y,{,r,e,t,u,r,n, ,s,i,(,7,",",&,#,3,9,;,c,t,l,0,0,_,M,a,i,n,C,o,n,t,e,n,t,_,O,b,j,e,c,t,L,i,s,t,&,#,3,9,;,",",&,#,3,9,;,3,&,#,3,9,;,),;,},c,a,t,c,h,(,e,x,),{,;,},"""", ,h,r,e,f,=,"""",P,u,b,l,i,c,a,t,i,o,n,/,9,2,8,1,9,/,s,y,n,t,h,e,s,i,s,-,o,f,-,c,o,n,c,u,r,r,e,n,t,-,s,y,s,t,e,m,s,-,w,i,t,h,-,m,a,n,y,-,s,i,m,i,l,a,r,-,p,r,o,c,e,s,s,e,s,"""",>,S,y,n,t,h,e,s,i,s, ,o,f, ,c,o,n,c,u,r,r,e,n,t, ,s,y,s,t,e,m,s, ,w,i,t,h, ,m,a,n,y, ,s,i,m,i,l,a,r, ,p,r,o,c,e,s,s,e,s,<,/,a,>,"","
"
 , , , , , , , , , , , , , , , ,<,a, ,i,d,=,"""",c,t,l,0,0,_,M,a,i,n,C,o,n,t,e,n,t,_,O,b,j,e,c,t,L,i,s,t,_,c,t,l,0,3,_,T,i,t,l,e,"""", ,o,n,m,o,u,s,e,d,o,w,n,=,"""",t,r,y,{,r,e,t,u,r,n, ,s,i,(,7,",",&,#,3,9,;,c,t,l,0,0,_,M,a,i,n,C,o,n,t,e,n,t,_,O,b,j,e,c,t,L,i,s,t,&,#,3,9,;,",",&,#,3,9,;,4,&,#,3,9,;,),;,},c,a,t,c,h,(,e,x,),{,;,},"""", ,h,r,e,f,=,"""",P,u,b,l,i,c,a,t,i,o,n,/,6,2,1,2,5,5,/,a,m,p,h,i,o,n,-,a,u,t,o,m,a,t,i,c,-,p,r,o,g,r,a,m,m,i,n,g,-,f,o,r,-,s,c,i,e,n,t,i,f,i,c,-,s,u,b,r,o,u,t,i,n,e,-,l,i,b,r,a,r,i,e,s,"""",>,A,M,P,H,I,O,N,&,#,5,8,;, ,A,u,t,o,m,a,t,i,c, ,P,r,o,g,r,a,m,m,i,n,g, ,f,o,r, ,S,c,i,e,n,t,i,f,i,c, ,S,u,b,r,o,u,t,i,n,e, ,L,i,b,r,a,r,i,e,s,<,/,a,>,"","
"
 , , , , , , , , , , , , , , , ,<,a, ,i,d,=,"""",c,t,l,0,0,_,M,a,i,n,C,o,n,t,e,n,t,_,O,b,j,e,c,t,L,i,s,t,_,c,t,l,0,4,_,T,i,t,l,e,"""", ,o,n,m,o,u,s,e,d,o,w,n,=,"""",t,r,y,{,r,e,t,u,r,n, ,s,i,(,7,",",&,#,3,9,;,c,t,l,0,0,_,M,a,i,n,C,o,n,t,e,n,t,_,O,b,j,e,c,t,L,i,s,t,&,#,3,9,;,",",&,#,3,9,;,5,&,#,3,9,;,),;,},c,a,t,c,h,(,e,x,),{,;,},"""", ,h,r,e,f,=,"""",P,u,b,l,i,c,a,t,i,o,n,/,5,4,1,0,4,8,/,t,h,e,-,d,e,s,i,g,n,-,o,f,-,t,h,e,-,p,s,i,-,p,r,o,g,r,a,m,-,s,y,n,t,h,e,s,i,s,-,s,y,s,t,e,m,"""",>,T,h,e, ,d,e,s,i,g,n, ,o,f, ,t,h,e, ,P,S,I, ,p,r,o,g,r,a,m, ,s,y,n,t,h,e,s,i,s, ,s,y,s,t,e,m,<,/,a,>,"","
"
 , , , , , , , , , , , , , , , ,<,a, ,i,d,=,"""",c,t,l,0,0,_,M,a,i,n,C,o,n,t,e,n,t,_,O,b,j,e,c,t,L,i,s,t,_,c,t,l,0,5,_,T,i,t,l,e,"""", ,o,n,m,o,u,s,e,d,o,w,n,=,"""",t,r,y,{,r,e,t,u,r,n, ,s,i,(,7,",",&,#,3,9,;,c,t,l,0,0,_,M,a,i,n,C,o,n,t,e,n,t,_,O,b,j,e,c,t,L,i,s,t,&,#,3,9,;,",",&,#,3,9,;,6,&,#,3,9,;,),;,},c,a,t,c,h,(,e,x,),{,;,},"""", ,h,r,e,f,=,"""",P,u,b,l,i,c,a,t,i,o,n,/,6,9,8,4,8,4,/,o,n,-,p,r,o,g,r,a,m,-,s,y,n,t,h,e,s,i,s,-,k,n,o,w,l,e,d,g,e,"""",>,O,n, ,P,r,o,g,r,a,m, ,S,y,n,t,h,e,s,i,s, ,K,n,o,w,l,e,d,g,e,<,/,a,>,"","
"
 , , , , , , , , , , , , , , , ,<,a, ,i,d,=,"""",c,t,l,0,0,_,M,a,i,n,C,o,n,t,e,n,t,_,O,b,j,e,c,t,L,i,s,t,_,c,t,l,0,6,_,T,i,t,l,e,"""", ,o,n,m,o,u,s,e,d,o,w,n,=,"""",t,r,y,{,r,e,t,u,r,n, ,s,i,(,7,",",&,#,3,9,;,c,t,l,0,0,_,M,a,i,n,C,o,n,t,e,n,t,_,O,b,j,e,c,t,L,i,s,t,&,#,3,9,;,",",&,#,3,9,;,7,&,#,3,9,;,),;,},c,a,t,c,h,(,e,x,),{,;,},"""", ,h,r,e,f,=,"""",P,u,b,l,i,c,a,t,i,o,n,/,1,8,6,0,3,4,/,p,r,o,f,i,l,e,-,d,r,i,v,e,n,-,p,r,o,g,r,a,m,-,s,y,n,t,h,e,s,i,s,-,f,o,r,-,e,v,a,l,u,a,t,i,o,n,-,o,f,-,s,y,s,t,e,m,-,p,o,w,e,r,-,d,i,s,s,i,p,a,t,i,o,n,"""",>,P,r,o,f,i,l,e,-,d,r,i,v,e,n, ,p,r,o,g,r,a,m, ,s,y,n,t,h,e,s,i,s, ,f,o,r, ,e,v,a,l,u,a,t,i,o,n, ,o,f, ,s,y,s,t,e,m, ,p,o,w,e,r, ,d,i,s,s,i,p,a,t,i,o,n,<,/,a,>,"","
"
 , , , , , , , , , , , , , , , ,<,a, ,i,d,=,"""",c,t,l,0,0,_,M,a,i,n,C,o,n,t,e,n,t,_,O,b,j,e,c,t,L,i,s,t,_,c,t,l,0,7,_,T,i,t,l,e,"""", ,o,n,m,o,u,s,e,d,o,w,n,=,"""",t,r,y,{,r,e,t,u,r,n, ,s,i,(,7,",",&,#,3,9,;,c,t,l,0,0,_,M,a,i,n,C,o,n,t,e,n,t,_,O,b,j,e,c,t,L,i,s,t,&,#,3,9,;,",",&,#,3,9,;,8,&,#,3,9,;,),;,},c,a,t,c,h,(,e,x,),{,;,},"""", ,h,r,e,f,=,"""",P,u,b,l,i,c,a,t,i,o,n,/,2,3,8,5,0,/,r,e,f,i,n,e,m,e,n,t,s,-,a,n,d,-,m,u,l,t,i,-,d,i,m,e,n,s,i,o,n,a,l,-,s,e,p,a,r,a,t,i,o,n,-,o,f,-,c,o,n,c,e,r,n,s,"""",>,R,e,f,i,n,e,m,e,n,t,s, ,a,n,d, ,m,u,l,t,i,-,d,i,m,e,n,s,i,o,n,a,l, ,s,e,p,a,r,a,t,i,o,n, ,o,f, ,c,o,n,c,e,r,n,s,<,/,a,>,"","
"
 , , , , , , , , , , , , , , , ,<,a, ,i,d,=,"""",c,t,l,0,0,_,M,a,i,n,C,o,n,t,e,n,t,_,O,b,j,e,c,t,L,i,s,t,_,c,t,l,0,8,_,T,i,t,l,e,"""", ,o,n,m,o,u,s,e,d,o,w,n,=,"""",t,r,y,{,r,e,t,u,r,n, ,s,i,(,7,",",&,#,3,9,;,c,t,l,0,0,_,M,a,i,n,C,o,n,t,e,n,t,_,O,b,j,e,c,t,L,i,s,t,&,#,3,9,;,",",&,#,3,9,;,9,&,#,3,9,;,),;,},c,a,t,c,h,(,e,x,),{,;,},"""", ,h,r,e,f,=,"""",P,u,b,l,i,c,a,t,i,o,n,/,1,3,5,6,1,3,/,a,-,s,u,r,v,e,y,-,o,f,-,s,t,r,a,t,e,g,i,e,s,-,i,n,-,p,r,o,g,r,a,m,-,t,r,a,n,s,f,o,r,m,a,t,i,o,n,-,s,y,s,t,e,m,s,"""",>,A, ,S,u,r,v,e,y, ,o,f, ,S,t,r,a,t,e,g,i,e,s, ,i,n, ,P,r,o,g,r,a,m, ,T,r,a,n,s,f,o,r,m,a,t,i,o,n, ,S,y,s,t,e,m,s,<,/,a,>,"","
"
 , , , , , , , , , , , , , , , ,<,a, ,i,d,=,"""",c,t,l,0,0,_,M,a,i,n,C,o,n,t,e,n,t,_,O,b,j,e,c,t,L,i,s,t,_,c,t,l,0,9,_,T,i,t,l,e,"""", ,o,n,m,o,u,s,e,d,o,w,n,=,"""",t,r,y,{,r,e,t,u,r,n, ,s,i,(,7,",",&,#,3,9,;,c,t,l,0,0,_,M,a,i,n,C,o,n,t,e,n,t,_,O,b,j,e,c,t,L,i,s,t,&,#,3,9,;,",",&,#,3,9,;,1,0,&,#,3,9,;,),;,},c,a,t,c,h,(,e,x,),{,;,},"""", ,h,r,e,f,=,"""",P,u,b,l,i,c,a,t,i,o,n,/,1,7,5,4,8,9,2,/,c,h,u,r,c,h,-,s,-,p,r,o,b,l,e,m,-,r,e,v,i,s,i,t,e,d,"""",>,C,h,u,r,c,h,&,#,3,9,;,s, ,p,r,o,b,l,e,m, ,r,e,v,i,s,i,t,e,d,<,/,a,>,"","
"
 , , , , , , , , , , , , , , , ,<,a, ,i,d,=,"""",c,t,l,0,0,_,M,a,i,n,C,o,n,t,e,n,t,_,O,b,j,e,c,t,L,i,s,t,_,c,t,l,0,0,_,T,i,t,l,e,"""", ,o,n,m,o,u,s,e,d,o,w,n,=,"""",t,r,y,{,r,e,t,u,r,n, ,s,i,(,7,",",&,#,3,9,;,c,t,l,0,0,_,M,a,i,n,C,o,n,t,e,n,t,_,O,b,j,e,c,t,L,i,s,t,&,#,3,9,;,",",&,#,3,9,;,1,&,#,3,9,;,),;,},c,a,t,c,h,(,e,x,),{,;,},"""", ,h,r,e,f,=,"""",P,u,b,l,i,c,a,t,i,o,n,/,7,3,5,8,7,8,/,h,o,w,-,t,o,-,c,l,e,a,r,-,a,-,b,l,o,c,k,-,a,-,t,h,e,o,r,y,-,o,f,-,p,l,a,n,s,"""",>,H,o,w, ,t,o, ,C,l,e,a,r, ,a, ,B,l,o,c,k,&,#,5,8,;, ,A, ,T,h,e,o,r,y, ,o,f, ,P,l,a,n,s,<,/,a,>,"","
"
 , , , , , , , , , , , , , , , ,<,a, ,i,d,=,"""",c,t,l,0,0,_,M,a,i,n,C,o,n,t,e,n,t,_,O,b,j,e,c,t,L,i,s,t,_,c,t,l,0,1,_,T,i,t,l,e,"""", ,o,n,m,o,u,s,e,d,o,w,n,=,"""",t,r,y,{,r,e,t,u,r,n, ,s,i,(,7,",",&,#,3,9,;,c,t,l,0,0,_,M,a,i,n,C,o,n,t,e,n,t,_,O,b,j,e,c,t,L,i,s,t,&,#,3,9,;,",",&,#,3,9,;,2,&,#,3,9,;,),;,},c,a,t,c,h,(,e,x,),{,;,},"""", ,h,r,e,f,=,"""",P,u,b,l,i,c,a,t,i,o,n,/,1,7,2,3,6,0,1,/,a,l,g,o,r,i,t,h,m,-,s,y,n,t,h,e,s,i,s,-,b,y,-,l,a,z,y,-,t,h,i,n,k,i,n,g,-,e,x,a,m,p,l,e,s,-,a,n,d,-,i,m,p,l,e,m,e,n,t,a,t,i,o,n,-,i,n,-,t,h,e,o,r,e,m,a,"""",>,A,l,g,o,r,i,t,h,m, ,S,y,n,t,h,e,s,i,s, ,b,y, ,L,a,z,y, ,T,h,i,n,k,i,n,g,&,#,5,8,;, ,E,x,a,m,p,l,e,s, ,a,n,d, ,I,m,p,l,e,m,e,n,t,a,t,i,o,n, ,i,n, ,T,h,e,o,r,e,m,a,<,/,a,>,"","
"
 , , , , , , , , , , , , , , , ,<,a, ,i,d,=,"""",c,t,l,0,0,_,M,a,i,n,C,o,n,t,e,n,t,_,O,b,j,e,c,t,L,i,s,t,_,c,t,l,0,2,_,T,i,t,l,e,"""", ,o,n,m,o,u,s,e,d,o,w,n,=,"""",t,r,y,{,r,e,t,u,r,n, ,s,i,(,7,",",&,#,3,9,;,c,t,l,0,0,_,M,a,i,n,C,o,n,t,e,n,t,_,O,b,j,e,c,t,L,i,s,t,&,#,3,9,;,",",&,#,3,9,;,3,&,#,3,9,;,),;,},c,a,t,c,h,(,e,x,),{,;,},"""", ,h,r,e,f,=,"""",P,u,b,l,i,c,a,t,i,o,n,/,7,2,2,0,6,1,/,m,e,t,a,-,a,m,p,h,i,o,n,-,s,y,n,t,h,e,s,i,s,-,o,f,-,e,f,f,i,c,i,e,n,t,-,d,o,m,a,i,n,-,s,p,e,c,i,f,i,c,-,p,r,o,g,r,a,m,-,s,y,n,t,h,e,s,i,s,-,s,y,s,t,e,m,s,"""",>,M,E,T,A,-,A,M,P,H,I,O,N,&,#,5,8,;, ,S,y,n,t,h,e,s,i,s, ,o,f, ,E,f,f,i,c,i,e,n,t, ,D,o,m,a,i,n,-,S,p,e,c,i,f,i,c, ,P,r,o,g,r,a,m, ,S,y,n,t,h,e,s,i,s, ,S,y,s,t,e,m,s,<,/,a,>,"","
"
 , , , , , , , , , , , , , , , ,<,a, ,i,d,=,"""",c,t,l,0,0,_,M,a,i,n,C,o,n,t,e,n,t,_,O,b,j,e,c,t,L,i,s,t,_,c,t,l,0,3,_,T,i,t,l,e,"""", ,o,n,m,o,u,s,e,d,o,w,n,=,"""",t,r,y,{,r,e,t,u,r,n, ,s,i,(,7,",",&,#,3,9,;,c,t,l,0,0,_,M,a,i,n,C,o,n,t,e,n,t,_,O,b,j,e,c,t,L,i,s,t,&,#,3,9,;,",",&,#,3,9,;,4,&,#,3,9,;,),;,},c,a,t,c,h,(,e,x,),{,;,},"""", ,h,r,e,f,=,"""",P,u,b,l,i,c,a,t,i,o,n,/,7,4,7,4,0,0,/,d,e,d,u,c,t,i,v,e,-,a,n,d,-,i,n,d,u,c,t,i,v,e,-,s,y,n,t,h,e,s,i,s,-,o,f,-,e,q,u,a,t,i,o,n,a,l,-,p,r,o,g,r,a,m,s,"""",>,D,e,d,u,c,t,i,v,e, ,a,n,d, ,I,n,d,u,c,t,i,v,e, ,S,y,n,t,h,e,s,i,s, ,o,f, ,E,q,u,a,t,i,o,n,a,l, ,P,r,o,g,r,a,m,s,<,/,a,>,"","
"
 , , , , , , , , , , , , , , , ,<,a, ,i,d,=,"""",c,t,l,0,0,_,M,a,i,n,C,o,n,t,e,n,t,_,O,b,j,e,c,t,L,i,s,t,_,c,t,l,0,4,_,T,i,t,l,e,"""", ,o,n,m,o,u,s,e,d,o,w,n,=,"""",t,r,y,{,r,e,t,u,r,n, ,s,i,(,7,",",&,#,3,9,;,c,t,l,0,0,_,M,a,i,n,C,o,n,t,e,n,t,_,O,b,j,e,c,t,L,i,s,t,&,#,3,9,;,",",&,#,3,9,;,5,&,#,3,9,;,),;,},c,a,t,c,h,(,e,x,),{,;,},"""", ,h,r,e,f,=,"""",P,u,b,l,i,c,a,t,i,o,n,/,8,5,6,9,7,9,/,a,s,s,e,s,s,i,n,g,-,t,e,s,t,-,d,a,t,a,-,a,d,e,q,u,a,c,y,-,t,h,r,o,u,g,h,-,p,r,o,g,r,a,m,-,i,n,f,e,r,e,n,c,e,"""",>,A,s,s,e,s,s,i,n,g, ,T,e,s,t, ,D,a,t,a, ,A,d,e,q,u,a,c,y, ,t,h,r,o,u,g,h, ,P,r,o,g,r,a,m, ,I,n,f,e,r,e,n,c,e,<,/,a,>,"","
"
 , , , , , , , , , , , , , , , ,<,a, ,i,d,=,"""",c,t,l,0,0,_,M,a,i,n,C,o,n,t,e,n,t,_,O,b,j,e,c,t,L,i,s,t,_,c,t,l,0,5,_,T,i,t,l,e,"""", ,o,n,m,o,u,s,e,d,o,w,n,=,"""",t,r,y,{,r,e,t,u,r,n, ,s,i,(,7,",",&,#,3,9,;,c,t,l,0,0,_,M,a,i,n,C,o,n,t,e,n,t,_,O,b,j,e,c,t,L,i,s,t,&,#,3,9,;,",",&,#,3,9,;,6,&,#,3,9,;,),;,},c,a,t,c,h,(,e,x,),{,;,},"""", ,h,r,e,f,=,"""",P,u,b,l,i,c,a,t,i,o,n,/,1,3,9,4,2,8,4,/,c,o,m,p,o,s,i,t,i,o,n,-,a,n,d,-,c,l,o,n,i,n,g,-,i,n,-,m,o,d,e,l,i,n,g,-,a,n,d,-,m,e,t,a,-,m,o,d,e,l,i,n,g,"""",>,C,o,m,p,o,s,i,t,i,o,n, ,a,n,d, ,c,l,o,n,i,n,g, ,i,n, ,m,o,d,e,l,i,n,g, ,a,n,d, ,m,e,t,a,-,m,o,d,e,l,i,n,g,<,/,a,>,"","
"
 , , , , , , , , , , , , , , , ,<,a, ,i,d,=,"""",c,t,l,0,0,_,M,a,i,n,C,o,n,t,e,n,t,_,O,b,j,e,c,t,L,i,s,t,_,c,t,l,0,6,_,T,i,t,l,e,"""", ,o,n,m,o,u,s,e,d,o,w,n,=,"""",t,r,y,{,r,e,t,u,r,n, ,s,i,(,7,",",&,#,3,9,;,c,t,l,0,0,_,M,a,i,n,C,o,n,t,e,n,t,_,O,b,j,e,c,t,L,i,s,t,&,#,3,9,;,",",&,#,3,9,;,7,&,#,3,9,;,),;,},c,a,t,c,h,(,e,x,),{,;,},"""", ,h,r,e,f,=,"""",P,u,b,l,i,c,a,t,i,o,n,/,1,4,2,9,9,6,1,/,s,y,n,t,h,e,s,i,s,-,o,f,-,h,i,g,h,-,p,e,r,f,o,r,m,a,n,c,e,-,p,a,r,a,l,l,e,l,-,p,r,o,g,r,a,m,s,-,f,o,r,-,a,-,c,l,a,s,s,-,o,f,-,a,b,-,i,n,i,t,i,o,-,q,u,a,n,t,u,m,-,c,h,e,m,i,s,t,r,y,-,m,o,d,e,l,s,"""",>,S,y,n,t,h,e,s,i,s, ,o,f, ,H,i,g,h,-,P,e,r,f,o,r,m,a,n,c,e, ,P,a,r,a,l,l,e,l, ,P,r,o,g,r,a,m,s, ,f,o,r, ,a, ,C,l,a,s,s, ,o,f, ,a,b, ,I,n,i,t,i,o, ,Q,u,a,n,t,u,m, ,C,h,e,m,i,s,t,r,y, ,M,o,d,e,l,s,<,/,a,>,"","
"
 , , , , , , , , , , , , , , , ,<,a, ,i,d,=,"""",c,t,l,0,0,_,M,a,i,n,C,o,n,t,e,n,t,_,O,b,j,e,c,t,L,i,s,t,_,c,t,l,0,7,_,T,i,t,l,e,"""", ,o,n,m,o,u,s,e,d,o,w,n,=,"""",t,r,y,{,r,e,t,u,r,n, ,s,i,(,7,",",&,#,3,9,;,c,t,l,0,0,_,M,a,i,n,C,o,n,t,e,n,t,_,O,b,j,e,c,t,L,i,s,t,&,#,3,9,;,",",&,#,3,9,;,8,&,#,3,9,;,),;,},c,a,t,c,h,(,e,x,),{,;,},"""", ,h,r,e,f,=,"""",P,u,b,l,i,c,a,t,i,o,n,/,6,1,4,8,4,0,/,k,n,o,w,l,e,d,g,e,-,a,n,d,-,r,e,a,s,o,n,i,n,g,-,i,n,-,p,r,o,g,r,a,m,-,s,y,n,t,h,e,s,i,s,"""",>,K,n,o,w,l,e,d,g,e, ,a,n,d, ,R,e,a,s,o,n,i,n,g, ,i,n, ,P,r,o,g,r,a,m, ,S,y,n,t,h,e,s,i,s,<,/,a,>,"","
"
 , , , , , , , , , , , , , , , ,<,a, ,i,d,=,"""",c,t,l,0,0,_,M,a,i,n,C,o,n,t,e,n,t,_,O,b,j,e,c,t,L,i,s,t,_,c,t,l,0,8,_,T,i,t,l,e,"""", ,o,n,m,o,u,s,e,d,o,w,n,=,"""",t,r,y,{,r,e,t,u,r,n, ,s,i,(,7,",",&,#,3,9,;,c,t,l,0,0,_,M,a,i,n,C,o,n,t,e,n,t,_,O,b,j,e,c,t,L,i,s,t,&,#,3,9,;,",",&,#,3,9,;,9,&,#,3,9,;,),;,},c,a,t,c,h,(,e,x,),{,;,},"""", ,h,r,e,f,=,"""",P,u,b,l,i,c,a,t,i,o,n,/,5,4,2,1,1,/,s,e,q,u,e,n,t,i,a,l,-,s,y,n,t,h,e,s,i,s,-,u,s,i,n,g,-,s,1,s,"""",>,S,e,q,u,e,n,t,i,a,l, ,s,y,n,t,h,e,s,i,s, ,u,s,i,n,g, ,S,1,S,<,/,a,>,"","
"
 , , , , , , , , , , , , , , , ,<,a, ,i,d,=,"""",c,t,l,0,0,_,M,a,i,n,C,o,n,t,e,n,t,_,O,b,j,e,c,t,L,i,s,t,_,c,t,l,0,9,_,T,i,t,l,e,"""", ,o,n,m,o,u,s,e,d,o,w,n,=,"""",t,r,y,{,r,e,t,u,r,n, ,s,i,(,7,",",&,#,3,9,;,c,t,l,0,0,_,M,a,i,n,C,o,n,t,e,n,t,_,O,b,j,e,c,t,L,i,s,t,&,#,3,9,;,",",&,#,3,9,;,1,0,&,#,3,9,;,),;,},c,a,t,c,h,(,e,x,),{,;,},"""", ,h,r,e,f,=,"""",P,u,b,l,i,c,a,t,i,o,n,/,9,2,9,5,9,/,t,o,w,a,r,d,s,-,a,u,t,o,m,a,t,i,c,-,s,y,n,t,h,e,s,i,s,-,o,f,-,h,i,g,h,-,p,e,r,f,o,r,m,a,n,c,e,-,c,o,d,e,s,-,f,o,r,-,e,l,e,c,t,r,o,n,i,c,-,s,t,r,u,c,t,u,r,e,-,c,a,l,c,u,l,a,t,i,o,n,s,-,d,a,t,a,"""",>,T,o,w,a,r,d,s, ,A,u,t,o,m,a,t,i,c, ,S,y,n,t,h,e,s,i,s, ,o,f, ,H,i,g,h,-,P,e,r,f,o,r,m,a,n,c,e, ,C,o,d,e,s, ,f,o,r, ,E,l,e,c,t,r,o,n,i,c, ,S,t,r,u,c,t,u,r,e, ,C,a,l,c,u,l,a,t,i,o,n,s,&,#,5,8,;, ,D,a,t,a, ,L,o,c,a,l,i,t,y, ,O,p,t,i,m,i,z,a,t,i,o,n,<,/,a,>,"","
"
 , , , , , , , , , , , , , , , ,<,a, ,i,d,=,"""",c,t,l,0,0,_,M,a,i,n,C,o,n,t,e,n,t,_,O,b,j,e,c,t,L,i,s,t,_,c,t,l,0,0,_,T,i,t,l,e,"""", ,o,n,m,o,u,s,e,d,o,w,n,=,"""",t,r,y,{,r,e,t,u,r,n, ,s,i,(,7,",",&,#,3,9,;,c,t,l,0,0,_,M,a,i,n,C,o,n,t,e,n,t,_,O,b,j,e,c,t,L,i,s,t,&,#,3,9,;,",",&,#,3,9,;,1,&,#,3,9,;,),;,},c,a,t,c,h,(,e,x,),{,;,},"""", ,h,r,e,f,=,"""",P,u,b,l,i,c,a,t,i,o,n,/,7,6,6,7,5,7,/,t,h,e,-,r,e,f,i,n,e,m,e,n,t,-,p,a,r,a,d,i,g,m,-,t,h,e,-,i,n,t,e,r,a,c,t,i,o,n,-,o,f,-,c,o,d,i,n,g,-,a,n,d,-,e,f,f,i,c,i,e,n,c,y,-,k,n,o,w,l,e,d,g,e,-,i,n,-,p,r,o,g,r,a,m,-,s,y,n,t,h,e,s,i,s,"""",>,T,h,e, ,R,e,f,i,n,e,m,e,n,t, ,P,a,r,a,d,i,g,m,&,#,5,8,;, ,T,h,e, ,I,n,t,e,r,a,c,t,i,o,n, ,o,f, ,C,o,d,i,n,g, ,a,n,d, ,E,f,f,i,c,i,e,n,c,y, ,K,n,o,w,l,e,d,g,e, ,i,n, ,P,r,o,g,r,a,m, ,S,y,n,t,h,e,s,i,s,<,/,a,>,"","
"
 , , , , , , , , , , , , , , , ,<,a, ,i,d,=,"""",c,t,l,0,0,_,M,a,i,n,C,o,n,t,e,n,t,_,O,b,j,e,c,t,L,i,s,t,_,c,t,l,0,1,_,T,i,t,l,e,"""", ,o,n,m,o,u,s,e,d,o,w,n,=,"""",t,r,y,{,r,e,t,u,r,n, ,s,i,(,7,",",&,#,3,9,;,c,t,l,0,0,_,M,a,i,n,C,o,n,t,e,n,t,_,O,b,j,e,c,t,L,i,s,t,&,#,3,9,;,",",&,#,3,9,;,2,&,#,3,9,;,),;,},c,a,t,c,h,(,e,x,),{,;,},"""", ,h,r,e,f,=,"""",P,u,b,l,i,c,a,t,i,o,n,/,8,0,5,2,4,6,/,s,y,m,b,o,l,i,c,-,p,e,r,f,o,r,m,a,n,c,e,-,m,o,d,e,l,i,n,g,-,o,f,-,p,a,r,a,l,l,e,l,-,s,y,s,t,e,m,s,"""",>,S,y,m,b,o,l,i,c, ,P,e,r,f,o,r,m,a,n,c,e, ,M,o,d,e,l,i,n,g, ,o,f, ,P,a,r,a,l,l,e,l, ,S,y,s,t,e,m,s,<,/,a,>,"","
"
 , , , , , , , , , , , , , , , ,<,a, ,i,d,=,"""",c,t,l,0,0,_,M,a,i,n,C,o,n,t,e,n,t,_,O,b,j,e,c,t,L,i,s,t,_,c,t,l,0,2,_,T,i,t,l,e,"""", ,o,n,m,o,u,s,e,d,o,w,n,=,"""",t,r,y,{,r,e,t,u,r,n, ,s,i,(,7,",",&,#,3,9,;,c,t,l,0,0,_,M,a,i,n,C,o,n,t,e,n,t,_,O,b,j,e,c,t,L,i,s,t,&,#,3,9,;,",",&,#,3,9,;,3,&,#,3,9,;,),;,},c,a,t,c,h,(,e,x,),{,;,},"""", ,h,r,e,f,=,"""",P,u,b,l,i,c,a,t,i,o,n,/,2,4,3,2,2,2,7,/,f,e,a,t,u,r,e,-,r,e,f,a,c,t,o,r,i,n,g,-,a,-,m,u,l,t,i,-,r,e,p,r,e,s,e,n,t,a,t,i,o,n,-,p,r,o,g,r,a,m,-,i,n,t,o,-,a,-,p,r,o,d,u,c,t,-,l,i,n,e,"""",>,F,e,a,t,u,r,e, ,r,e,f,a,c,t,o,r,i,n,g, ,a, ,m,u,l,t,i,-,r,e,p,r,e,s,e,n,t,a,t,i,o,n, ,p,r,o,g,r,a,m, ,i,n,t,o, ,a, ,p,r,o,d,u,c,t, ,l,i,n,e,<,/,a,>,"","
"
 , , , , , , , , , , , , , , , ,<,a, ,i,d,=,"""",c,t,l,0,0,_,M,a,i,n,C,o,n,t,e,n,t,_,O,b,j,e,c,t,L,i,s,t,_,c,t,l,0,3,_,T,i,t,l,e,"""", ,o,n,m,o,u,s,e,d,o,w,n,=,"""",t,r,y,{,r,e,t,u,r,n, ,s,i,(,7,",",&,#,3,9,;,c,t,l,0,0,_,M,a,i,n,C,o,n,t,e,n,t,_,O,b,j,e,c,t,L,i,s,t,&,#,3,9,;,",",&,#,3,9,;,4,&,#,3,9,;,),;,},c,a,t,c,h,(,e,x,),{,;,},"""", ,h,r,e,f,=,"""",P,u,b,l,i,c,a,t,i,o,n,/,4,6,6,0,3,4,/,k,n,o,w,l,e,d,g,e,-,a,n,d,-,r,e,a,s,o,n,i,n,g,-,i,n,-,p,r,o,g,r,a,m,-,s,y,n,t,h,e,s,i,s,"""",>,K,n,o,w,l,e,d,g,e, ,a,n,d, ,R,e,a,s,o,n,i,n,g, ,i,n, ,P,r,o,g,r,a,m, ,S,y,n,t,h,e,s,i,s,<,/,a,>,"","
"
 , , , , , , , , , , , , , , , ,<,a, ,i,d,=,"""",c,t,l,0,0,_,M,a,i,n,C,o,n,t,e,n,t,_,O,b,j,e,c,t,L,i,s,t,_,c,t,l,0,4,_,T,i,t,l,e,"""", ,o,n,m,o,u,s,e,d,o,w,n,=,"""",t,r,y,{,r,e,t,u,r,n, ,s,i,(,7,",",&,#,3,9,;,c,t,l,0,0,_,M,a,i,n,C,o,n,t,e,n,t,_,O,b,j,e,c,t,L,i,s,t,&,#,3,9,;,",",&,#,3,9,;,5,&,#,3,9,;,),;,},c,a,t,c,h,(,e,x,),{,;,},"""", ,h,r,e,f,=,"""",P,u,b,l,i,c,a,t,i,o,n,/,7,6,6,4,9,3,/,t,h,e,-,p,r,o,g,r,a,m,m,e,r,-,s,-,a,p,p,r,e,n,t,i,c,e,-,k,n,o,w,l,e,d,g,e,-,b,a,s,e,d,-,p,r,o,g,r,a,m,m,-,e,d,i,t,i,n,g,"""",>,T,h,e, ,P,r,o,g,r,a,m,m,e,r,&,#,3,9,;,s, ,A,p,p,r,e,n,t,i,c,e,&,#,5,8,;, ,K,n,o,w,l,e,d,g,e, ,B,a,s,e,d, ,P,r,o,g,r,a,m,m, ,E,d,i,t,i,n,g,<,/,a,>,"","
"
 , , , , , , , , , , , , , , , ,<,a, ,i,d,=,"""",c,t,l,0,0,_,M,a,i,n,C,o,n,t,e,n,t,_,O,b,j,e,c,t,L,i,s,t,_,c,t,l,0,5,_,T,i,t,l,e,"""", ,o,n,m,o,u,s,e,d,o,w,n,=,"""",t,r,y,{,r,e,t,u,r,n, ,s,i,(,7,",",&,#,3,9,;,c,t,l,0,0,_,M,a,i,n,C,o,n,t,e,n,t,_,O,b,j,e,c,t,L,i,s,t,&,#,3,9,;,",",&,#,3,9,;,6,&,#,3,9,;,),;,},c,a,t,c,h,(,e,x,),{,;,},"""", ,h,r,e,f,=,"""",P,u,b,l,i,c,a,t,i,o,n,/,2,4,0,6,2,7,7,/,s,e,m,a,n,t,i,c,-,w,e,b,-,s,e,r,v,i,c,e,-,c,o,m,p,o,s,i,t,i,o,n,-,v,i,a,-,l,o,g,i,c,-,b,a,s,e,d,-,p,r,o,g,r,a,m,-,s,y,n,t,h,e,s,i,s,"""",>,S,e,m,a,n,t,i,c, ,W,e,b, ,S,e,r,v,i,c,e, ,C,o,m,p,o,s,i,t,i,o,n, ,v,i,a, ,L,o,g,i,c,-,b,a,s,e,d, ,P,r,o,g,r,a,m, ,S,y,n,t,h,e,s,i,s,<,/,a,>,"","
"
 , , , , , , , , , , , , , , , ,<,a, ,i,d,=,"""",c,t,l,0,0,_,M,a,i,n,C,o,n,t,e,n,t,_,O,b,j,e,c,t,L,i,s,t,_,c,t,l,0,6,_,T,i,t,l,e,"""", ,o,n,m,o,u,s,e,d,o,w,n,=,"""",t,r,y,{,r,e,t,u,r,n, ,s,i,(,7,",",&,#,3,9,;,c,t,l,0,0,_,M,a,i,n,C,o,n,t,e,n,t,_,O,b,j,e,c,t,L,i,s,t,&,#,3,9,;,",",&,#,3,9,;,7,&,#,3,9,;,),;,},c,a,t,c,h,(,e,x,),{,;,},"""", ,h,r,e,f,=,"""",P,u,b,l,i,c,a,t,i,o,n,/,6,9,7,4,3,4,/,s,y,n,t,a,x,-,d,i,r,e,c,t,e,d,-,s,e,m,a,n,t,i,c,s,-,s,u,p,p,o,r,t,e,d,-,p,r,o,g,r,a,m,-,s,y,n,t,h,e,s,i,s,"""",>,S,y,n,t,a,x,-,D,i,r,e,c,t,e,d,",", ,S,e,m,a,n,t,i,c,s,-,S,u,p,p,o,r,t,e,d, ,P,r,o,g,r,a,m, ,S,y,n,t,h,e,s,i,s,<,/,a,>,"","
"
 , , , , , , , , , , , , , , , ,<,a, ,i,d,=,"""",c,t,l,0,0,_,M,a,i,n,C,o,n,t,e,n,t,_,O,b,j,e,c,t,L,i,s,t,_,c,t,l,0,7,_,T,i,t,l,e,"""", ,o,n,m,o,u,s,e,d,o,w,n,=,"""",t,r,y,{,r,e,t,u,r,n, ,s,i,(,7,",",&,#,3,9,;,c,t,l,0,0,_,M,a,i,n,C,o,n,t,e,n,t,_,O,b,j,e,c,t,L,i,s,t,&,#,3,9,;,",",&,#,3,9,;,8,&,#,3,9,;,),;,},c,a,t,c,h,(,e,x,),{,;,},"""", ,h,r,e,f,=,"""",P,u,b,l,i,c,a,t,i,o,n,/,8,5,7,3,4,2,/,s,y,n,t,h,e,s,i,s,-,o,f,-,c,o,n,c,u,r,r,e,n,t,-,p,r,o,g,r,a,m,s,-,f,o,r,-,a,n,-,a,t,o,m,i,c,-,r,e,a,d,-,w,r,i,t,e,-,m,o,d,e,l,-,o,f,-,c,o,m,p,u,t,a,t,i,o,n,"""",>,S,y,n,t,h,e,s,i,s, ,o,f, ,c,o,n,c,u,r,r,e,n,t, ,p,r,o,g,r,a,m,s, ,f,o,r, ,a,n, ,a,t,o,m,i,c, ,r,e,a,d,&,#,4,7,;,w,r,i,t,e, ,m,o,d,e,l, ,o,f, ,c,o,m,p,u,t,a,t,i,o,n,<,/,a,>,"","
"
 , , , , , , , , , , , , , , , ,<,a, ,i,d,=,"""",c,t,l,0,0,_,M,a,i,n,C,o,n,t,e,n,t,_,O,b,j,e,c,t,L,i,s,t,_,c,t,l,0,8,_,T,i,t,l,e,"""", ,o,n,m,o,u,s,e,d,o,w,n,=,"""",t,r,y,{,r,e,t,u,r,n, ,s,i,(,7,",",&,#,3,9,;,c,t,l,0,0,_,M,a,i,n,C,o,n,t,e,n,t,_,O,b,j,e,c,t,L,i,s,t,&,#,3,9,;,",",&,#,3,9,;,9,&,#,3,9,;,),;,},c,a,t,c,h,(,e,x,),{,;,},"""", ,h,r,e,f,=,"""",P,u,b,l,i,c,a,t,i,o,n,/,6,0,7,4,9,2,/,e,n,h,a,n,c,i,n,g,-,t,h,e,-,f,a,u,l,t,-,t,o,l,e,r,a,n,c,e,-,o,f,-,n,o,n,m,a,s,k,i,n,g,-,p,r,o,g,r,a,m,s,"""",>,E,n,h,a,n,c,i,n,g, ,T,h,e, ,F,a,u,l,t,-,T,o,l,e,r,a,n,c,e, ,o,f, ,N,o,n,m,a,s,k,i,n,g, ,P,r,o,g,r,a,m,s,<,/,a,>,"","
"
 , , , , , , , , , , , , , , , ,<,a, ,i,d,=,"""",c,t,l,0,0,_,M,a,i,n,C,o,n,t,e,n,t,_,O,b,j,e,c,t,L,i,s,t,_,c,t,l,0,9,_,T,i,t,l,e,"""", ,o,n,m,o,u,s,e,d,o,w,n,=,"""",t,r,y,{,r,e,t,u,r,n, ,s,i,(,7,",",&,#,3,9,;,c,t,l,0,0,_,M,a,i,n,C,o,n,t,e,n,t,_,O,b,j,e,c,t,L,i,s,t,&,#,3,9,;,",",&,#,3,9,;,1,0,&,#,3,9,;,),;,},c,a,t,c,h,(,e,x,),{,;,},"""", ,h,r,e,f,=,"""",P,u,b,l,i,c,a,t,i,o,n,/,4,9,8,4,7,2,9,6,/,t,h,e,-,f,a,b,r,i,k,-,p,r,o,g,r,a,m,m,i,n,g,-,e,n,v,i,r,o,n,m,e,n,t,"""",>,T,h,e, ,F,a,b,r,i,k, ,p,r,o,g,r,a,m,m,i,n,g, ,e,n,v,i,r,o,n,m,e,n,t,<,/,a,>,"","
"
